url,text
"https://tamanhhospital.vn/10-thong-tin-bat-ngo-ve-du-tru-buong-trung-thap-amh-thap/
",AMH thấp
"https://tamanhhospital.vn/ap-xe-gan/
",Áp xe gan
"https://tamanhhospital.vn/ap-xe-hau-mon/
",Áp xe hậu môn
"https://tamanhhospital.vn/ap-xe-ma/
",Áp xe má
"https://tamanhhospital.vn/ap-xe-nao/
",Áp xe não
"https://tamanhhospital.vn/ap-xe-phoi/
",Áp xe phổi
"https://tamanhhospital.vn/ap-xe-ro-luan-nhi/
",Áp xe rò luân nhĩ
"https://tamanhhospital.vn/ap-xe-vu/
",Áp xe vú
"https://tamanhhospital.vn/alzheimer/
",Azheimer
"https://tamanhhospital.vn/bach-cau-ai-kiem-tang/
",Bạch cầu ái kiềm tăng
"https://tamanhhospital.vn/benh-bach-hau/
",Bạch hầu
"https://tamanhhospital.vn/bai-nao/
",Bại não
"https://tamanhhospital.vn/ban-chan-khoeo/
",Bàn chân khoèo
"https://tamanhhospital.vn/ban-chan-ru/
",Bàn chân rũ
"https://tamanhhospital.vn/ban-chan-veo/
",Bàn chân vẹo
"https://tamanhhospital.vn/bang-quang-tang-hoat/
",Bàng quang tăng hoạt
"https://tamanhhospital.vn/barrett-thuc-quan/
",Barrett thực quản
"https://tamanhhospital.vn/bang-huyet-sau-sinh/
",Băng huyết sau sinh
"https://tamanhhospital.vn/beo-phi/
",Béo phì
"https://tamanhhospital.vn/be-san-dich/
",Bế sản dịch
"https://tamanhhospital.vn/benh-co-tim/
",Bệnh cơ tim
"https://tamanhhospital.vn/benh-co-tim-gian-no/
",Bệnh cơ tim giãn
"https://tamanhhospital.vn/benh-co-tim-han-che/
",Bệnh cơ tim hạn chế
"https://tamanhhospital.vn/benh-co-tim-phi-dai/
",Bệnh cơ tim phì đại
"https://tamanhhospital.vn/benh-co-tim-xop/
",Bệnh cơ tim xốp
"https://tamanhhospital.vn/benh-cuong-giap-nen-an-gi/
",Bệnh cường giáp
"https://tamanhhospital.vn/dong-mach-canh/
",Bệnh động mạch cảnh
"https://tamanhhospital.vn/benh-mach-vanh/
",Bệnh mạch vành
"https://tamanhhospital.vn/phinh-dong-mach-chu/
",Bệnh phình động mạch chủ
"https://tamanhhospital.vn/tang-tiet-mo-hoi/
",Bệnh tăng tiết mồ hôi
"https://tamanhhospital.vn/benh-thalassemia/
",Bệnh Thalassemia
"https://tamanhhospital.vn/benh-thap-tim/
",Bệnh thấp tim
"https://tamanhhospital.vn/benh-tim-bam-sinh/
",Bệnh tim bẩm sinh
"https://tamanhhospital.vn/benh-tim-bam-sinh-khong-tim/
",Bệnh tim bẩm sinh không tím
"https://tamanhhospital.vn/benh-tim-bam-sinh-tim/
",Bệnh tim bẩm sinh tím
"https://tamanhhospital.vn/benh-tim-mach/
",Bệnh tim mạch
"https://tamanhhospital.vn/benh-tuyen-cua-tuyen-vu-adenosis/
",Bệnh tuyến của tuyến vú adenosis
"https://tamanhhospital.vn/benh-tu-mien/
",Bệnh tự miễn
"https://tamanhhospital.vn/benh-van-tim/
",Bệnh van tim
"https://tamanhhospital.vn/block-nhanh-phai/
",Block nhánh phải
"https://tamanhhospital.vn/block-nhanh-tim/
",Block nhánh tim
"https://tamanhhospital.vn/block-nhanh-trai/
",Block nhánh trái
"https://tamanhhospital.vn/block-nhi-that/
",Block nhĩ thất
"https://tamanhhospital.vn/boc-tach-dong-mach-chu/
",Bóc tách động mạch chủ
"https://tamanhhospital.vn/bong-de/
",Bóng đè
"https://tamanhhospital.vn/bong-gan/
",Bong gân
"https://tamanhhospital.vn/bui-phoi/
",Bụi phổi
"https://tamanhhospital.vn/buong-trung-da-nang/
",Buồng trứng đa nang
"https://tamanhhospital.vn/buou-mau/
",Bướu máu
"https://tamanhhospital.vn/buou-soi-tuyen-vu/
",Bướu sợi tuyến vú
"https://tamanhhospital.vn/buou-than/
",Bướu thận
"https://tamanhhospital.vn/cam-lanh/
",Cảm lạnh
"https://tamanhhospital.vn/mat-can-thi/
",Cận thị
"https://tamanhhospital.vn/benh-cau-than/
",Cầu thận
"https://tamanhhospital.vn/benh-cham/
",Chàm
"https://tamanhhospital.vn/cham-dong-tien/
",Chàm đồng tiền
"https://tamanhhospital.vn/chap-mat/
",Chắp mắt
"https://tamanhhospital.vn/chan-cao-chan-thap/
",Chân cao chân thấp
"https://tamanhhospital.vn/chan-chu-x/
",Chân chữ X
"https://tamanhhospital.vn/chan-thuong-so-nao/
",Chấn thương sọ não
"https://tamanhhospital.vn/chen-ep-khoang-duoi-mom-cung-vai/
",Chèn ép khoang dưới mỏm cùng vai
"https://tamanhhospital.vn/benh-chlamydia/
",Chlamydia
"https://tamanhhospital.vn/chong-mat-kich-phat-lanh-tinh/
",Chóng mặt kịch phát lành tính
"https://tamanhhospital.vn/benh-choc/
",Chốc
"https://tamanhhospital.vn/chuyen-vi-dai-dong-mach/
",Chuyển vị đại động mạch
"https://tamanhhospital.vn/chung-ngu-ru/
",Chứng ngủ rũ
"https://tamanhhospital.vn/co-that-bao-xo/
",Co thắt bao xơ
"https://tamanhhospital.vn/co-that-dai-trang/
",Co thắt đại tràng
"https://tamanhhospital.vn/co-that-mach-vanh/
",Co thắt mạch vành
"https://tamanhhospital.vn/co-that-tam-vi/
",Co thắt tâm vị
"https://tamanhhospital.vn/co-that-thuc-quan/
",Co thắt thực quản
"https://tamanhhospital.vn/coi-xuong/
",Còi xương
"https://tamanhhospital.vn/con-ong-dong-mach/
",Còn ống động mạch
"https://tamanhhospital.vn/con-dau-bao-than/
",Cơn đau bão thận
"https://tamanhhospital.vn/con-thieu-mau-nao-thoang-qua/
",Cơn thiếu máu não thoáng qua
"https://tamanhhospital.vn/benh-crohn/
",Crohn
"https://tamanhhospital.vn/benh-cum/
",Cúm
"https://tamanhhospital.vn/cum-a/
",Cúm A
"https://tamanhhospital.vn/cum-a-h1n1/
",Cúm A H1n1
"https://tamanhhospital.vn/cum-a-h5/
",Cúm A H5
"https://tamanhhospital.vn/cum-a-h5n1/
",Cúm A H5N1
"https://tamanhhospital.vn/cuong-giap/
",Cường giáp
"https://tamanhhospital.vn/da-nhiem-corticoid/
",Da nhiêm Corticoid
"https://tamanhhospital.vn/da-thua-hau-mon/
",Da thừa hậu môn
"https://tamanhhospital.vn/benh-dai/
",Dại
"https://tamanhhospital.vn/bao-quy-dau-dai/
",Dài bao quy đầu
"https://tamanhhospital.vn/day-thanh-tui-mat/
",Dày thành túi mật
"https://tamanhhospital.vn/day-ron-bam-mang/
",Dây rốn bám màng
"https://tamanhhospital.vn/day-thi-som/
",Dậy thì sớm
"https://tamanhhospital.vn/dermatofibroma/
",Dermatofibroma
"https://tamanhhospital.vn/di-dang-mach-mau-nao/
",Dị dạng mạch máu não
"https://tamanhhospital.vn/di-ung-mat/
",Dị ứng mắt
"https://tamanhhospital.vn/dinh-bao-quy-dau/
",Dính bao quy đầu
"https://tamanhhospital.vn/di-tat-dinh-ngon/
",Dính ngón
"https://tamanhhospital.vn/duong-vat-chay-mu/
",Dương vật chảy mủ
"https://tamanhhospital.vn/duong-vat-cong/
",Dương vật cong
"https://tamanhhospital.vn/da-polyp-tui-mat/
",Đa polyp túi mật
"https://tamanhhospital.vn/dai-thao-duong/
",Đái tháo đường
"https://tamanhhospital.vn/dai-thao-nhat/
",Đái tháo nhạt
"https://tamanhhospital.vn/dam-nieu/
",Đạm niệu
"https://tamanhhospital.vn/dau-da-day/
",Đau dạ dày
"https://tamanhhospital.vn/dau-day-than-kinh-cham/
",Đau dây thần kinh chẩm
"https://tamanhhospital.vn/benh-dau-day-than-kinh-sinh-ba/
",Đau dây thần kinh sinh ba
"https://tamanhhospital.vn/dau-dai-trang/
",Đau đại tràng
"https://tamanhhospital.vn/dau-dau-migraine/
",Đau đầu Migraine
"https://tamanhhospital.vn/dau-dau-van-mach/
",Đau đầu vận mạch
"https://tamanhhospital.vn/dau-hau-mon/
",Đau hậu môn
"https://tamanhhospital.vn/benh-dau-mat-do/
",Đau mắt đỏ
"https://tamanhhospital.vn/dau-ruot-thua/
",Đau ruột thừa
"https://tamanhhospital.vn/dau-soi-mat/
",Đau sỏi mật
"https://tamanhhospital.vn/dau-thuong-vi/
",Đau thượng vị
"https://tamanhhospital.vn/dau-tinh-hoan/
",Đau tinh hoàn
"https://tamanhhospital.vn/dau-vu/
",Đau vú
"https://tamanhhospital.vn/benh-dau-mua/
",Đâu mùa
"https://tamanhhospital.vn/benh-dau-mua-khi/
",Đậu mùa khỉ
"https://tamanhhospital.vn/dom-nau-tren-da/
",Đốm nâu
"https://tamanhhospital.vn/benh-dong-kinh/
",Động kinh
"https://tamanhhospital.vn/dot-quy/
",Đột quỵ
"https://tamanhhospital.vn/dot-quy-tuyen-yen/
",Đột quỵ tuyến yên
"https://tamanhhospital.vn/duc-thuy-tinh-the/
",Đục thủy tinh thể
"https://tamanhhospital.vn/dut-day-chang/
",Đứt dây chằng
"https://tamanhhospital.vn/gai-xuong/
",Gai xương
"https://tamanhhospital.vn/gan-nhiem-mo/
",Gan nhiễm mỡ
"https://tamanhhospital.vn/gau/
",Gàu
"https://tamanhhospital.vn/gay-xuong/
",Gãy xương
"https://tamanhhospital.vn/benh-giac-mac-hinh-chop/
",Giác mạc hình chóp
"https://tamanhhospital.vn/gian-day-chang/
",Giãn dây chằng
"https://tamanhhospital.vn/gian-mach-mau-nao/
",Giãn mạch máu não
"https://tamanhhospital.vn/gian-ong-dan-sua/
",Giãn ống dẫn sữa
"https://tamanhhospital.vn/gian-phe-quan/
",Giãn phế quản
"https://tamanhhospital.vn/gian-tinh-mach-thung-tinh/
",Giãn tĩnh mạch thừng tinh
"https://tamanhhospital.vn/benh-giang-mai/
",Giang mai
"https://tamanhhospital.vn/gist-da-day/
",Gist dạ dày
"https://tamanhhospital.vn/benh-giun-dau-gai/
",Giun đầu gai
"https://tamanhhospital.vn/benh-giun-dua/
",Giun đũa
"https://tamanhhospital.vn/nhiem-giun-kim/
",Giun kim
"https://tamanhhospital.vn/benh-giun-moc/
",Giun móc
"https://tamanhhospital.vn/benh-giun-rong/
",Giun rồng
"https://tamanhhospital.vn/giun-xoan/
",Giun xoắn
"https://tamanhhospital.vn/benh-cuom-nuoc-glaucoma/
",Glaucoma
"https://tamanhhospital.vn/benh-glocom/
",Glocom
"https://tamanhhospital.vn/benh-gout/
",Gout
"https://tamanhhospital.vn/benh-ha-canxi-mau/
",Hạ canxi máu
"https://tamanhhospital.vn/ha-duong-huyet/
",Hạ đường huyết
"https://tamanhhospital.vn/hat-fordyce-o-bao-quy-dau/
",Hạt Fordyce bao quy đầu
"https://tamanhhospital.vn/hat-xo-day-thanh-quan/
",Hạt xơ dây thanh quản
"https://tamanhhospital.vn/hac-vong-mac-trung-tam-thanh-dich/
",Hắc võng mạc trung tâm thanh dịch
"https://tamanhhospital.vn/hau-mon-bi-sung/
",Hậu môn bị sưng
"https://tamanhhospital.vn/hen-suyen/
",Hen suyển
"https://tamanhhospital.vn/hep-bao-quy-dau/
",Hẹp bao quy đầu
"https://tamanhhospital.vn/hep-dong-mach-canh/
",Hẹp động mạch cảnh
"https://tamanhhospital.vn/hep-eo-dong-mach-chu/
",Hẹp eo động mạch chủ
"https://tamanhhospital.vn/hep-hau-mon/
",Hẹp hậu môn
"https://tamanhhospital.vn/hep-khe-khop/
",Hẹp khe khớp
"https://tamanhhospital.vn/hep-mach-mau-nao/
",Hẹp mạch máu não
"https://tamanhhospital.vn/hep-mach-vanh/
",Hẹp mạch vành
"https://tamanhhospital.vn/hep-nieu-dao/
",Hẹp niệu đạo
"https://tamanhhospital.vn/hep-ong-song/
",Hẹp ống sống
"https://tamanhhospital.vn/hep-thuc-quan/
",Hẹp thực quản
"https://tamanhhospital.vn/hep-van-dong-mach-phoi/
",Hẹp van động mạch
"https://tamanhhospital.vn/hep-van-dong-mach-chu/
",Hẹp van động mạch chủ
"https://tamanhhospital.vn/hep-van-hai-la/
",Hẹp van hai lá
"https://tamanhhospital.vn/hep-van-tim/
",Hẹp van tim
"https://tamanhhospital.vn/herpes/
",Herpes
"https://tamanhhospital.vn/herpes-sinh-duc/
",Herpes sinh dục
"https://tamanhhospital.vn/hiem-muon/
",Hiếm muộn
"https://tamanhhospital.vn/ho-ga/
",Ho gà
"https://tamanhhospital.vn/hoai-tu-da-vu/
",Hoại tử da vú
"https://tamanhhospital.vn/hoai-tu-mo-mo-vu/
",Hoại tử mỡ mô vú
"https://tamanhhospital.vn/hoai-tu-tuyen-tuy/
",Hoại tử tuyến tụy
"https://tamanhhospital.vn/hoai-tu-xuong/
",Hoại tử xương
"https://tamanhhospital.vn/hoi-dau/
",Hói đầu
"https://tamanhhospital.vn/hoi-chung-brugada/
",Hội chứng Brugada
"https://tamanhhospital.vn/hoi-chung-duoi-ngua/
",Hội chứng chùm đuôi ngựa
"https://tamanhhospital.vn/hoi-chung-cushing/
",Hội chứng Cushing
"https://tamanhhospital.vn/hoi-chung-eisenmenger/
",Hội chứng Eisenmenger
"https://tamanhhospital.vn/hoi-chung-fournier/
",Hội chứng Fournier
"https://tamanhhospital.vn/hoi-chung-hellp/
",Hội chứng Hellp
"https://tamanhhospital.vn/hoi-chung-kallmann/
",Hội chứng Kallman
"https://tamanhhospital.vn/hoi-chung-klinefelter/
",Hội chứng Klinefelter
"https://tamanhhospital.vn/hoi-chung-loi-thoat-long-nguc/
",Hội chứng lối thoát lồng ngực
"https://tamanhhospital.vn/hoi-chung-mong-chet/
",Hội chứng mông chết
"https://tamanhhospital.vn/hoi-chung-ong-co-chan/
",Hội chứng ống cổ chân
"https://tamanhhospital.vn/hoi-chung-ong-co-tay/
",Hội chứng ống cổ tay
"https://tamanhhospital.vn/hoi-chung-poland/
",Hội chứng Poland
"https://tamanhhospital.vn/hoi-chung-ruot-kich-thich/
",Hội chứng ruột kích thích
"https://tamanhhospital.vn/hoi-chung-stevens-johnson/
",Hội chứng Stevens Johnson
"https://tamanhhospital.vn/hoi-chung-sudeck/
",Hội chứng Sudeck
"https://tamanhhospital.vn/hoi-chung-suy-giam-mien-dich/
",Hội chứng suy giảm miễn dịch
"https://tamanhhospital.vn/hoi-chung-swyer/
",Hội chứng Swyer
"https://tamanhhospital.vn/hoi-chung-than-hu/
",Hội chứng thận hư
"https://tamanhhospital.vn/hoi-chung-vanh-cap/
",Hội chứng vành cấp
"https://tamanhhospital.vn/hoi-nach/
",Hôi nách
"https://tamanhhospital.vn/ho-van-2-la/
",Hở van 2 lá
"https://tamanhhospital.vn/ho-van-3-la/
",Hở van 3 lá
"https://tamanhhospital.vn/ho-van-dong-mach-chu/
",Hở van động mạch chủ
"https://tamanhhospital.vn/ho-van-dong-mach-phoi/
",Hở van động mạch phổi
"https://tamanhhospital.vn/benh-ho-van-tim/
",Hở van tim
"https://tamanhhospital.vn/dieu-tri-chan-thuong-the-thao-prp/
",Huyết tương giàu tiểu cầu
"https://tamanhhospital.vn/kenh-nhi-that/
",Kênh nhĩ thất
"https://tamanhhospital.vn/khan-tieng/
",Khàn tiếng
"https://tamanhhospital.vn/khi-dung/
",Khí dung
"https://tamanhhospital.vn/khi-phe-thung/
",Khí phế thũng
"https://tamanhhospital.vn/kho-nuot/
",Khó nuốt
"https://tamanhhospital.vn/kho-tho/
","Khó thở, hụt hơi"
"https://tamanhhospital.vn/benh-kho-mat/
",Khô mắt
"https://tamanhhospital.vn/khoi-mau-tu-o-vu/
",Khối máu tụ ở vú
"https://tamanhhospital.vn/khoi-u-o-vu/
",Khối u ở vú
"https://tamanhhospital.vn/khong-co-tinh-trung/
",Không có tinh trùng
"https://tamanhhospital.vn/khong-lo-van-dong-mach-phoi/
",Không lỗ van động mạch phổi
"https://tamanhhospital.vn/lac-noi-mac-tu-cung/
",Lạc nội mạc tử cung
"https://tamanhhospital.vn/lang-ben/
",Lang ben
"https://tamanhhospital.vn/lao-hoa/
",Lão hóa
"https://tamanhhospital.vn/benh-lao-phoi/
",Lao phổi
"https://tamanhhospital.vn/mat-lao-thi/
",Lão thị
"https://tamanhhospital.vn/benh-lau/
",Lậu
"https://tamanhhospital.vn/lech-vach-ngan-mui/
",Lệch vách ngăn mũi
"https://tamanhhospital.vn/liet-day-thanh-quan/
",Liệt dây thanh quản
"https://tamanhhospital.vn/liet-mat/
",Liệt mặt
"https://tamanhhospital.vn/loan-duong-mong/
",Loạn dưỡng móng
"https://tamanhhospital.vn/mat-loan-thi/
",Loạn thị
"https://tamanhhospital.vn/loang-xuong/
",Loãng xương
"https://tamanhhospital.vn/loet-thuc-quan/
",Loét thực quản
"https://tamanhhospital.vn/lom-nguc-bam-sinh/
",Lõm ngực bẩm ính
"https://tamanhhospital.vn/benh-lo-hoang-diem/
",Lỗ hoàng điểm
"https://tamanhhospital.vn/lo-tieu-lech-thap/
",Lỗ tiểu lệch thấp
"https://tamanhhospital.vn/ly-amip/
",Lỵ amip
"https://tamanhhospital.vn/mau-nhiem-mo-co-nguy-hiem-khong/
",Máu nhiễm mỡ
"https://tamanhhospital.vn/mat-lac/
",Mắt lác
"https://tamanhhospital.vn/mat-le/
",Mắt lé
"https://tamanhhospital.vn/mat-kinh/
",Mất kinh
"https://tamanhhospital.vn/mat-ngu/
",Mất ngủ
"https://tamanhhospital.vn/mat-rang/
",Mất răng
"https://tamanhhospital.vn/mat-tri-nho/
",Mất trí nhớ
"https://tamanhhospital.vn/me-day/
",Mè đay
"https://tamanhhospital.vn/men-gan/
",Men gan
"https://tamanhhospital.vn/men-gan-cao/
",Men gan cao
"https://tamanhhospital.vn/men-tieu-hoa/
",Men tiêu hóa
"https://tamanhhospital.vn/benh-meniere/
",Meniere
"https://tamanhhospital.vn/mong-quap/
",Móng quặp
"https://tamanhhospital.vn/benh-moyamoya/
",Moyamoya
"https://tamanhhospital.vn/mo-hoi-mau/
",Mồ hôi máu
"https://tamanhhospital.vn/mo-vu-day-dac/
",Mô vú dày đặc
"https://tamanhhospital.vn/mong-du/
",Mộng du
"https://tamanhhospital.vn/mong-mat/
",Mộng mắt
"https://tamanhhospital.vn/mo-mau-cao/
",Mỡ máu cao
"https://tamanhhospital.vn/benh-mu-mau/
",Mù màu
"https://tamanhhospital.vn/mun/
",Mụn
"https://tamanhhospital.vn/mun-an/
",Mụn ẩn
"https://tamanhhospital.vn/mun-boc/
",Mụn bọc
"https://tamanhhospital.vn/mun-cam/
",Mụn cám
"https://tamanhhospital.vn/mun-coc/
",Mụn cóc
"https://tamanhhospital.vn/mun-coc-phang/
",Mụn cóc phẳng
"https://tamanhhospital.vn/mun-dau-den/
",Mụn đầu đen
"https://tamanhhospital.vn/mun-noi-tiet/
",Mụn nội tiết
"https://tamanhhospital.vn/mun-trung-ca/
",Mụn trứng cá
"https://tamanhhospital.vn/leo-mat/
",Mụt lẹo mắt
"https://tamanhhospital.vn/nam-da/
",Nám da
"https://tamanhhospital.vn/nam-noi-tiet/
",Nám nội tiết
"https://tamanhhospital.vn/nang-don-than/
",Nang đơn thận
"https://tamanhhospital.vn/nang-gan/
",Nang gan
"https://tamanhhospital.vn/nang-gia-tuy/
",Nang giả tụy
"https://tamanhhospital.vn/nang-ruot-doi/
",Nang ruột đôi
"https://tamanhhospital.vn/nang-ruot-doi-ta-trang/
",Nang ruột đôi tá tràng
"https://tamanhhospital.vn/nang-sua/
",Nang sữa
"https://tamanhhospital.vn/nang-tuy/
",Nang tụy
"https://tamanhhospital.vn/nang-vu/
",Nang vú
"https://tamanhhospital.vn/benh-nao-gan/
",Não gan
"https://tamanhhospital.vn/nao-ung-thuy/
",Não úng thủy
"https://tamanhhospital.vn/nam-bao-quy-dau/
",Nấm bao quy đầu
"https://tamanhhospital.vn/nam-hau-mon/
",Nấm hậu môn
"https://tamanhhospital.vn/nam-ong-tai-ngoai/
",Nấm ống tai ngoài
"https://tamanhhospital.vn/nep-nhan/
",Nếp nhăn
"https://tamanhhospital.vn/nghe-kem/
",Nghe kém
"https://tamanhhospital.vn/ngon-tay-co-sung/
",Ngón tay cò súng
"https://tamanhhospital.vn/ngu-ngay/
",Ngủ ngáy
"https://tamanhhospital.vn/ngua-hau-mon/
",Ngứa hậu môn
"https://tamanhhospital.vn/ngung-tho-khi-ngu/
",Ngưng thở khi ngủ
"https://tamanhhospital.vn/rau-bam-mep/
",Nhau bám mép
"https://tamanhhospital.vn/nhau-bam-thap/
",Nhau bám thấp
"https://tamanhhospital.vn/nhau-bong-non/
",Nhau bong non
"https://tamanhhospital.vn/rau-cai-rang-luoc/
",Nhau cài răng lược
"https://tamanhhospital.vn/nhau-tien-dao/
",Nhau tiền đạo
"https://tamanhhospital.vn/nhiem-au-trung-san-lon/
",Nhiễm ấu trùng sán lợn
"https://tamanhhospital.vn/nhiem-doc-gan/
",Nhiễm độc gan
"https://tamanhhospital.vn/nhiem-khuan-duong-tiet-nieu/
",Nhiễm khuẩn đường tiết niệu
"https://tamanhhospital.vn/nhiem-khuan-hp/
",Nhiễm khuẩn H.p
"https://tamanhhospital.vn/nhiem-ky-sinh-trung/
",Nhiễm ký sinh trùng
"https://tamanhhospital.vn/lien-cau-khuan/
",Nhiễm liên cầu khuẩn
"https://tamanhhospital.vn/benh-nhiem-san-cho/
",Nhiễm sán chó
"https://tamanhhospital.vn/nhiem-toan-ceton/
",Nhiễm toan Ceton
"https://tamanhhospital.vn/nhiem-trung-duong-ruot/
",Nhiễm trùng đường ruột
"https://tamanhhospital.vn/nhiem-trung-hau-san/
",Nhiễm trùng hậu sản
"https://tamanhhospital.vn/nhiem-trung-nao/
",Nhiễm trùng não
"https://tamanhhospital.vn/nhiem-trung-tai/
",Nhiễm trùng tai
"https://tamanhhospital.vn/nhiem-trung-xoang/
",Nhiễm trùng xoang
"https://tamanhhospital.vn/nhip-cham-xoang/
",Nhịp chậm xoang
"https://tamanhhospital.vn/nhip-nhanh-nhi/
",Nhịp nhanh nhĩ
"https://tamanhhospital.vn/nhip-nhanh-that/
",Nhịp nhanh thất
"https://tamanhhospital.vn/nhip-tim-cham/
",Nhịp tim chậm
"https://tamanhhospital.vn/tim-dap-nhanh/
",Nhịp tim nhanh
"https://tamanhhospital.vn/nhoi-mau-co-tim/
",Nhồi máu cơ tim
"https://tamanhhospital.vn/nhoi-mau-co-tim-cap/
",Nhồi máu cơ tim cấp
"https://tamanhhospital.vn/nhoi-mau-co-tim-co-st-chenh-len/
",Nhồi máu cơ tim có ST chênh lênh
"https://tamanhhospital.vn/nhoi-mau-co-tim-khong-st-chenh-len/
",Nhồi máu cơ tim không ST chênh lênh
"https://tamanhhospital.vn/nhoi-mau-co-tim-that-phai/
",Nhồi máu cơ tim thất phải
"https://tamanhhospital.vn/nhoi-mau-nao/
",Nhồi máu não
"https://tamanhhospital.vn/benh-nhuoc-co/
",Nhược cơ
"https://tamanhhospital.vn/mat-nhuoc-thi/
",Nhược thị
"https://tamanhhospital.vn/nong-gan/
",Nóng gan
"https://tamanhhospital.vn/nong-thuc-quan/
",Nong thực quản
"https://tamanhhospital.vn/noi-hach-bach-huyet/
",Nổi hạch
"https://tamanhhospital.vn/not-ruoi/
",Nốt ruồi
"https://tamanhhospital.vn/num-vu-bi-kho/
",Núm vú bị khô
"https://tamanhhospital.vn/num-vu-bi-ngua/
",Núm vú bị ngứa
"https://tamanhhospital.vn/num-vu-bi-thut/
",Núm vú bị thụt
"https://tamanhhospital.vn/nuot-nghen/
",Nuốt nghẹn
"https://tamanhhospital.vn/nut-mach-gan/
",Nút mạch gan
"https://tamanhhospital.vn/nu-hoa-tuyen-vu/
",Nữ hóa tuyến vú
"https://tamanhhospital.vn/nuoc-tieu-co-bot/
",Nước tiểu có bọt
"https://tamanhhospital.vn/nut-ke-hau-mon/
",Nứt kẽ hậu môn
"https://tamanhhospital.vn/oc-sua-o-tre-so-sinh/
",Ọc sữa
"https://tamanhhospital.vn/oi-vo-non/
",Ối vỡ non
"https://tamanhhospital.vn/benh-ly-ong-phuc-tinh-mac/
",Ống phúc tinh mạc
"https://tamanhhospital.vn/paget-vu/
",Paget vú
"https://tamanhhospital.vn/benh-parkinson/
",Parkinson
"https://tamanhhospital.vn/phat-ban-o-nguc/
",Phát ban ở ngực
"https://tamanhhospital.vn/phe-cau-khuan/
",Phế cầu khuẩn
"https://tamanhhospital.vn/phi-dai-cuon-mui/
",Phì đại cuốn mũi
"https://tamanhhospital.vn/benh-phi-dai-that-trai/
",Phì đại thất trái
"https://tamanhhospital.vn/phi-dai-tuyen-tien-liet/
",Phì đại tuyến tiền liệt
"https://tamanhhospital.vn/phi-dai-tuyen-vu/
",Phì đại tuyến vú
"https://tamanhhospital.vn/phinh-dong-mach-chu-bung/
",Phình động mạch chủ bụng
"https://tamanhhospital.vn/phinh-dong-mach-chu-nguc/
",Phình động mạch chủ ngực
"https://tamanhhospital.vn/phinh-mach-mau-nao/
",Phình mạch máu não
"https://tamanhhospital.vn/benh-phoi-tac-nghen-man-tinh-copd/
",Phổi tắc nghẽn mạn tính copd
"https://tamanhhospital.vn/phu-bach-huyet-canh-tay/
",Phù bạch huyết cánh tay
"https://tamanhhospital.vn/phu-do-suy-tim/
",Phù do suy tim
"https://tamanhhospital.vn/phu-nao/
",Phù não
"https://tamanhhospital.vn/polyp-da-day/
",Polyp dạ dày
"https://tamanhhospital.vn/polyp-day-thanh-quan/
",Polyp dây thanh quản
"https://tamanhhospital.vn/polyp-dai-trang/
",Polyp đại tràng
"https://tamanhhospital.vn/polyp-hau-mon/
",Polyp hậu môn
"https://tamanhhospital.vn/benh-polyp-mui/
",Polyp mũi
"https://tamanhhospital.vn/polyp-truc-trang/
",Polyp trực tràng
"https://tamanhhospital.vn/polyp-tui-mat/
",Polyp túi mật
"https://tamanhhospital.vn/protein-nieu/
",Protein niệu
"https://tamanhhospital.vn/qua-kich-buong-trung-hiem-gap-nhung-nguy-hiem/
",Quá kích buồng trứng
"https://tamanhhospital.vn/benh-quai-bi/
",Quai bị
"https://tamanhhospital.vn/rang-khon-moc-lech/
",Răng khôn mọc lệch
"https://tamanhhospital.vn/benh-ran-mu/
",Rận mu
"https://tamanhhospital.vn/ro-hau-mon/
",Rò hậu môn
"https://tamanhhospital.vn/ro-hau-mon-don-gian/
",Rò hậu môn đơn giản
"https://tamanhhospital.vn/ro-hau-mon-hinh-mong-ngua/
",Rò hậu môn hình móng ngựa
"https://tamanhhospital.vn/ro-hau-mon-phuc-tap/
",Rò hậu môn phức tạp
"https://tamanhhospital.vn/ro-hau-mon-tai-phat/
",Rò hậu môn tái phát
"https://tamanhhospital.vn/ro-hau-mon-trong-co-that/
",Rò hậu môn trong cơ thắt
"https://tamanhhospital.vn/ro-khi-quan-thuc-quan/
",Rò khí quản thực quản
"https://tamanhhospital.vn/ro-luan-nhi/
",Rò luân nhĩ
"https://tamanhhospital.vn/roi-loan-chuyen-hoa-bam-sinh/
",Rối loạn chuyển hóa bẩm sinh
"https://tamanhhospital.vn/roi-loan-chuc-nang-tinh-duc/
",Rối loạn chức năng tình dục
"https://tamanhhospital.vn/roi-loan-cuong-duong/
",Rối loạn cương dương
"https://tamanhhospital.vn/roi-loan-giac-ngu/
",Rối loạn giấc ngủ
"https://tamanhhospital.vn/roi-loan-giong-noi/
",Rối loạn giọng nói
"https://tamanhhospital.vn/roi-loan-lipid-mau/
",Rối loạn lipid máu
"https://tamanhhospital.vn/roi-loan-lo-au/
",Rối loạn lo âu
"https://tamanhhospital.vn/roi-loan-lo-au-lan-toa/
",Rối loạn lo âu lan tỏa
"https://tamanhhospital.vn/roi-loan-luong-cuc/
",Rối loạn lưỡng cực
"https://tamanhhospital.vn/roi-loan-mo-mau/
",Rối loạn mỡ máu
"https://tamanhhospital.vn/roi-loan-nhip-cham/
",Rối loạn nhịp chậm
"https://tamanhhospital.vn/roi-loan-nhip-nhanh/
",Rối loạn nhịp nhanh
"https://tamanhhospital.vn/roi-loan-nhip-tim/
",Rối loạn nhịp tim
"https://tamanhhospital.vn/roi-loan-nhu-dong-ruot/
",Rối loạn nhu động ruột
"https://tamanhhospital.vn/roi-loan-noi-tiet/
",Rối loạn nội tiết
"https://tamanhhospital.vn/roi-loan-phan-ly/
",Rối loạn phân ly
"https://tamanhhospital.vn/roi-loan-san-chau/
",Rối loạn sàn chậu
"https://tamanhhospital.vn/adhd/
",Rối loạn tăng động giảm chú ý
"https://tamanhhospital.vn/roi-loan-tien-dinh/
",Rối loạn tiền đình
"https://tamanhhospital.vn/roi-loan-tien-dinh-ngoai-bien/
",Rối loạn tiền đình ngoại biên
"https://tamanhhospital.vn/roi-loan-tieu-hoa/
",Rối loạn tiêu hóa
"https://tamanhhospital.vn/roi-loan-tieu-tien/
",Rối loạn tiểu tiện
"https://tamanhhospital.vn/roi-loan-van-dong-thuc-quan/
",Rối loạn vận động thực quản
"https://tamanhhospital.vn/benh-rubella/
",Rubella
"https://tamanhhospital.vn/rung-nhi/
",Rung nhĩ
"https://tamanhhospital.vn/rung-that/
",Rung thất
"https://tamanhhospital.vn/rung-toc/
",Rụng tóc
"https://tamanhhospital.vn/sa-bang-quang/
",Sa bàng quang
"https://tamanhhospital.vn/sa-bui-tri/
",Sa búi trĩ
"https://tamanhhospital.vn/sa-sut-tri-tue/
",Sa sút trí tuệ
"https://tamanhhospital.vn/sa-tang-chau/
",Sa tạng chậu
"https://tamanhhospital.vn/sa-tinh-hoan/
",Sa tinh hoàn
"https://tamanhhospital.vn/sa-truc-trang/
",Sa trực tràng
"https://tamanhhospital.vn/sa-tu-cung/
",Sa tử cung
"https://tamanhhospital.vn/benh-san-day/
",Sán dây
"https://tamanhhospital.vn/benh-san-day-lon/
",Sán dây lợn
"https://tamanhhospital.vn/san-giat/
",Sản giật
"https://tamanhhospital.vn/benh-san-la-gan/
",Sán lá gan
"https://tamanhhospital.vn/san-la-phoi/
",Sán lá phổi
"https://tamanhhospital.vn/san-lon-gao/
",Sán lợn gạo
"https://tamanhhospital.vn/san-tui-mat/
",Sạn túi mật
"https://tamanhhospital.vn/say-nang-say-nong/
","Say nắng, say nóng"
"https://tamanhhospital.vn/sac-sua-o-tre-so-sinh/
",Sặc sữa
"https://tamanhhospital.vn/sau-rang/
",Sâu răng
"https://tamanhhospital.vn/schwannoma/
",Schwannoma
"https://tamanhhospital.vn/seo-lom/
",Sẹo lõm
"https://tamanhhospital.vn/seo-loi/
",Sẹo lồi
"https://tamanhhospital.vn/seo-ro/
",Sẹo rỗ
"https://tamanhhospital.vn/sinh-non/
",Sinh non
"https://tamanhhospital.vn/soi-bang-quang/
",Sỏi bàng quang
"https://tamanhhospital.vn/soi-bun-tui-mat/
",Sỏi bùn túi mật
"https://tamanhhospital.vn/soi-duong-mat-trong-gan/
",Sỏi đường mật trong gan
"https://tamanhhospital.vn/soi-mat/
",Sỏi mật
"https://tamanhhospital.vn/soi-nieu-quan/
",Sỏi niệu quản
"https://tamanhhospital.vn/soi-ong-mat-chu/
",Sỏi ống mật chủ
"https://tamanhhospital.vn/soi-than/
",Sỏi thận
"https://tamanhhospital.vn/soi-tiet-nieu/
",Sỏi tiết niệu
"https://tamanhhospital.vn/soi-tui-mat/
",Sỏi túi mật
"https://tamanhhospital.vn/soi-tuy/
",Sỏi tụy
"https://tamanhhospital.vn/soi-tuyen-nuoc-bot/
",Sỏi tuyến nước bọt
"https://tamanhhospital.vn/soi-tuyen-nuoc-bot-duoi-ham/
",Sỏi tuyến nước bọt dưới hàm
"https://tamanhhospital.vn/soi-tuyen-nuoc-bot-duoi-luoi/
",Sỏi tuyến nước bọt dưới lưỡi
"https://tamanhhospital.vn/son-tieu/
",Són tiểu
"https://tamanhhospital.vn/soc-phan-ve/
",Sốc phản vệ
"https://tamanhhospital.vn/sot-ret/
",Sốt rét
"https://tamanhhospital.vn/sot-sieu-vi/
",Sốt siêu vi
"https://tamanhhospital.vn/sot-xuat-huyet/
",Sốt xuất huyết
"https://tamanhhospital.vn/benh-soi/
",Sởi
"https://tamanhhospital.vn/sui-mao-ga/
",Sùi mào gà
"https://tamanhhospital.vn/sup-mi-mat/
",Sụp mí mắt
"https://tamanhhospital.vn/suy-buong-trung/
",Suy buồng trứng
"https://tamanhhospital.vn/suy-buong-trung-nguyen-phat/
",Suy buồng trứng nguyên phát
"https://tamanhhospital.vn/suy-buong-trung-som/
",Suy buồng trứng sớm
"https://tamanhhospital.vn/suy-dinh-duong/
",Suy dinh dưỡng
"https://tamanhhospital.vn/suy-gan/
",Suy gan
"https://tamanhhospital.vn/suy-giam-testosterone/
",Suy giảm Testosterone
"https://tamanhhospital.vn/suy-giam-tri-nho/
",Suy giảm trí nhớ
"https://tamanhhospital.vn/suy-gian-tinh-mach-chi-duoi/
",Suy giãn tĩnh mạch chi duới
"https://tamanhhospital.vn/suy-gian-tinh-mach-sau-chi-duoi/
",Suy giãn tĩnh mạch sâu chi dưới
"https://tamanhhospital.vn/suy-giap/
",Suy giáp
"https://tamanhhospital.vn/suy-ho-hap/
",Suy hô hấp
"https://tamanhhospital.vn/suy-nhuoc-co-the/
",Suy nhược cơ thể
"https://tamanhhospital.vn/suy-than/
",Suy thận
"https://tamanhhospital.vn/suy-tim/
",Suy tim
"https://tamanhhospital.vn/suy-tim-mat-bu/
",Suy tim mất bù
"https://tamanhhospital.vn/suy-tim-phai/
",Suy tim phải
"https://tamanhhospital.vn/suy-tim-sung-huyet/
",Suy tim sung huyết
"https://tamanhhospital.vn/suy-tim-tam-thu/
",Suy tim tâm thu
"https://tamanhhospital.vn/suy-tim-trai/
",Suy tim trái
"https://tamanhhospital.vn/suy-tuy/
",Suy tuỵ
"https://tamanhhospital.vn/suy-tuyen-thuong-than/
",Suy tuyến thượng thận
"https://tamanhhospital.vn/suy-tuyen-yen/
",Suy tuyến yên
"https://tamanhhospital.vn/sung-bao-quy-dau/
",Sưng bao quy đầu
"https://tamanhhospital.vn/tai-bien-mach-mau-nao/
",Tai biến mạch máu não
"https://tamanhhospital.vn/tai-bien-san-khoa/
",Tai biến sản khoa
"https://tamanhhospital.vn/tai-cuc-som/
",Tái cực sớm
"https://tamanhhospital.vn/tan-nhang/
",Tàn nhang
"https://tamanhhospital.vn/tao-bon/
",Táo bón
"https://tamanhhospital.vn/benh-tay-chan-mieng/
",Tay chân miệng
"https://tamanhhospital.vn/tac-dong-mach-vanh/
",Tắc động mạch vành
"https://tamanhhospital.vn/tac-mach-mau-nao/
",Tắc mạch máu não
"https://tamanhhospital.vn/tac-mat/
",Tắc mật
"https://tamanhhospital.vn/tac-ong-dan-tinh/
",Tắc ống dẫn tinh
"https://tamanhhospital.vn/tac-ong-mat/
",Tắc ống mật
"https://tamanhhospital.vn/tac-ruot/
",Tắc ruột
"https://tamanhhospital.vn/benh-tac-tinh-mach-vong-mac/
",Tắc tĩnh mạch võng mạc
"https://tamanhhospital.vn/tac-voi-trung/
",Tắc vòi trứng
"https://tamanhhospital.vn/tang-ap-phoi/
",Tăng áp phổi
"https://tamanhhospital.vn/tang-canxi-mau/
",Tăng canxi máu
"https://tamanhhospital.vn/tang-huyet-ap/
",Tăng huyết áp
"https://tamanhhospital.vn/tang-huyet-ap-vo-can/
",Tăng huyết áp vô căn
"https://tamanhhospital.vn/tang-nhan-ap/
",Tăng nhãn áp
"https://tamanhhospital.vn/tang-sinh-lanh-tinh-tuyen-tien-liet/
",Tăng sinh lành tính tuyến tiền liệt
"https://tamanhhospital.vn/teo-tinh-hoan/
",Teo tinh hoàn
"https://tamanhhospital.vn/teo-tinh-hoan-mot-ben/
",Teo tinh hoàn một bên
"https://tamanhhospital.vn/te-bi-chan-tay/
",Tê bì chân tay
"https://tamanhhospital.vn/thai-luu/
",Thai lưu
"https://tamanhhospital.vn/thay-doi-soi-boc-tuyen-vu/
",Thay đổi sợi bọc tuyến vú
"https://tamanhhospital.vn/benh-than-bot/
",Thận bột
"https://tamanhhospital.vn/than-da-nang/
",Thận đa nang
"https://tamanhhospital.vn/benh-than-iga/
",Thận Iga
"https://tamanhhospital.vn/than-mong-ngua/
",Thận móng ngựa
"https://tamanhhospital.vn/than-u-nuoc/
",Thận ứ nước
"https://tamanhhospital.vn/thieu-mau/
",Thiếu máu
"https://tamanhhospital.vn/thieu-mau-co-tim/
",Thiếu máu cơ tim
"https://tamanhhospital.vn/thieu-mau-nao/
",Thiếu máu não
"https://tamanhhospital.vn/thieu-men-g6pd/
",Thiếu men G6PD
"https://tamanhhospital.vn/di-tat-thieu-ngon-tay/
",Thiếu ngón
"https://tamanhhospital.vn/thoai-hoa-cot-song/
",Thoái hóa cột sống
"https://tamanhhospital.vn/thoai-hoa-diem-vang/
",Thoái hóa điểm vàng
"https://tamanhhospital.vn/thoai-hoa-khop/
",Thoái hóa khớp
"https://tamanhhospital.vn/benh-thoat-vi-ben/
",Thoát vị bẹn
"https://tamanhhospital.vn/thoat-vi-ben-nghet/
",Thoát vị bẹn nghẹt
"https://tamanhhospital.vn/thoat-vi-dia-dem/
",Thoát vị đĩa đệm
"https://tamanhhospital.vn/thoat-vi-hoanh/
",Thoát vị hoành
"https://tamanhhospital.vn/thoat-vi-ket/
",Thoát vị kẹt
"https://tamanhhospital.vn/thoat-vi-khe-hoanh/
",Thoát vị khe hoành
"https://tamanhhospital.vn/thong-lien-nhi/
",Thông liên nhĩ
"https://tamanhhospital.vn/thong-lien-that/
",Thông liên thất
"https://tamanhhospital.vn/benh-thuy-dau/
",Thủy đậu
"https://tamanhhospital.vn/thuyen-tac-oi/
",Thuyên tắc ối
"https://tamanhhospital.vn/thua-estrogen/
",Thừa estrogen
"https://tamanhhospital.vn/di-tat-thua-ngon-tay/
",Thừa ngón
"https://tamanhhospital.vn/tien-san-giat/
",Tiền sản giật
"https://tamanhhospital.vn/tiet-dich-num-vu/
",Tiết dịch núm vú
"https://tamanhhospital.vn/tieu-buot/
",Tiểu buốt
"https://tamanhhospital.vn/tieu-chay/
",Tiêu chảy
"https://tamanhhospital.vn/tieu-dem/
",Tiểu đêm
"https://tamanhhospital.vn/tieu-khong-tu-chu/
",Tiểu không tự chủ
"https://tamanhhospital.vn/di-tieu-ra-mau/
",Tiểu ra máu
"https://tamanhhospital.vn/tieu-rat/
",Tiểu rắt
"https://tamanhhospital.vn/tim-mot-that/
",Tim một thất
"https://tamanhhospital.vn/benh-tim-to/
",Tim to
"https://tamanhhospital.vn/tinh-hoan-an/
",Tinh hoàn ẩn
"https://tamanhhospital.vn/tinh-hoan-lac-cho/
",Tinh hoàn lạc chỗ
"https://tamanhhospital.vn/tinh-trung-bat-thuong/
",Tinh trùng bất thường
"https://tamanhhospital.vn/tinh-trung-loang/
",Tinh trùng loãng
"https://tamanhhospital.vn/tinh-trung-von-cuc/
",Tinh trùng vón cục
"https://tamanhhospital.vn/tinh-trung-yeu/
",Tinh trùng yếu
"https://tamanhhospital.vn/tran-dich-khop/
",Tràn dịch khớp
"https://tamanhhospital.vn/trao-nguoc-da-day-nghen-co-hong/
",Trào ngược dạ dày nghẹn cổ họng
"https://tamanhhospital.vn/trao-nguoc-da-day-thuc-quan/
",Trào ngược dạ dày thực quản
"https://tamanhhospital.vn/trao-nguoc-hong-thanh-quan/
",Trào ngược họng thanh quản
"https://tamanhhospital.vn/tram-cam/
",Trầm cảm
"https://tamanhhospital.vn/tram-cam-sau-sinh/
",Trầm cảm sau sinh
"https://tamanhhospital.vn/trat-khop/
",Trật khớp
"https://tamanhhospital.vn/benh-tri/
",Trĩ
"https://tamanhhospital.vn/benh-tri-hon-hop/
",Trĩ hỗn hợp
"https://tamanhhospital.vn/benh-tri-huyet-khoi/
",Trĩ huyết khối
"https://tamanhhospital.vn/benh-tri-ngoai/
",Trĩ ngoại
"https://tamanhhospital.vn/benh-tri-noi/
",Trĩ nội
"https://tamanhhospital.vn/benh-tri-sau-sinh/
",Trĩ sau sinh
"https://tamanhhospital.vn/tri-tac-mach/
",Trĩ tắc mạch
"https://tamanhhospital.vn/truy-tim/
",Trụy tim
"https://tamanhhospital.vn/truyen-mau-song-thai/
",Truyền máu song thai
"https://tamanhhospital.vn/truot-dot-song/
",Trượt đốt sống
"https://tamanhhospital.vn/tu-dich-vet-mo-sau-sinh/
",Tụ dịch vết mổ sau sinh
"https://tamanhhospital.vn/tu-mau-nao/
",Tụ máu não
"https://tamanhhospital.vn/tui-mat-su/
",Túi mật sứ
"https://tamanhhospital.vn/benh-tui-thua/
",Túi thừa
"https://tamanhhospital.vn/benh-tui-thua-dai-trang/
",Túi thừa đại tràng
"https://tamanhhospital.vn/tui-thua-nieu-dao/
",Túi thừa niệu đạo
"https://tamanhhospital.vn/tut-huyet-ap/
",Tụt huyết áp
"https://tamanhhospital.vn/tu-chung-fallot/
",Tứ chứng Fallot
"https://tamanhhospital.vn/u-ba-dau/
",U bã đậu
"https://tamanhhospital.vn/u-cot-song/
",U cột sống
"https://tamanhhospital.vn/u-co-tuyen-tui-mat/
",U cơ tuyến túi mật
"https://tamanhhospital.vn/u-mang-nao/
",U màng não
"https://tamanhhospital.vn/u-mau/
",U máu
"https://tamanhhospital.vn/u-mem-treo/
",U mềm treo
"https://tamanhhospital.vn/u-mo-dem-duong-tieu-hoa/
",U mô đệm đường tiêu hóa
"https://tamanhhospital.vn/u-mo/
",U mỡ
"https://tamanhhospital.vn/u-nang-buong-trung/
",U nang buồng trứng
"https://tamanhhospital.vn/u-nang-giap-mong/
",U nang giáp mòng
"https://tamanhhospital.vn/u-nao/
",U não
"https://tamanhhospital.vn/u-nguyen-bao-than-kinh-dem/
",U nguyên bào thần kinh đệm
"https://tamanhhospital.vn/u-nhay-xoang-tran/
",U nhầy xoang trán
"https://tamanhhospital.vn/u-nhu-sinh-duc/
",U nhú sinh dục
"https://tamanhhospital.vn/u-sao-bao/
",U sao bào
"https://tamanhhospital.vn/u-so-hau/
",U sọ hầu
"https://tamanhhospital.vn/u-te-bao-than-kinh-dem-it-nhanh/
",U tế bào thần kinh đệm ít nhánh
"https://tamanhhospital.vn/u-than-kinh-dem/
",U thần kinh đệm
"https://tamanhhospital.vn/u-than-kinh-dem-cau-nao-lan-toa/
",U thần kinh đệm cầu não lan tỏa
"https://tamanhhospital.vn/u-than-kinh-ngoai-bien/
",U thần kinh ngoại biên
"https://tamanhhospital.vn/u-than-lanh-tinh/
",U thận lành tính
"https://tamanhhospital.vn/u-trung-that/
",U trung thất
"https://tamanhhospital.vn/insulinoma/
",U tụy nội tiết Insulinoma
"https://tamanhhospital.vn/u-tuy-song/
",U tủy sống
"https://tamanhhospital.vn/u-tuyen-giap/
",U tuyến giáp
"https://tamanhhospital.vn/u-tuyen-nuoc-bot/
",U tuyến nước bọt
"https://tamanhhospital.vn/u-tuyen-nuoc-bot-duoi-ham/
",U tuyến nước bọt dưới hàm
"https://tamanhhospital.vn/u-tuyen-nuoc-bot-mang-tai/
",U tuyến nước bọt mang tai
"https://tamanhhospital.vn/u-tuyen-tung/
",U tuyến tùng
"https://tamanhhospital.vn/u-tuyen-yen/
",U tuyến yên
"https://tamanhhospital.vn/u-xo-than-kinh/
",U xơ thần kinh
"https://tamanhhospital.vn/u-xo-tu-cung/
",U xơ tử cung
"https://tamanhhospital.vn/u-xuong/
",U xương
"https://tamanhhospital.vn/ung-thu-bang-quang/
",Ung thư bàng quang
"https://tamanhhospital.vn/ung-thu-bieu-mo-ong-tuyen-vu-tai-cho/
",Ung thư biểu mô ống tuyến vú tại chỗ
"https://tamanhhospital.vn/ung-thu-buong-trung/
",Ung thư buồng trứng
"https://tamanhhospital.vn/ung-thu-co-tu-cung/
",Ung thư cổ tử cung
"https://tamanhhospital.vn/ung-thu-da/
",Ung thư da
"https://tamanhhospital.vn/ung-thu-da-day/
",Ung thư dạ dày
"https://tamanhhospital.vn/ung-thu-duong-vat/
",Ung thư dương vật
"https://tamanhhospital.vn/ung-thu-dai-trang/
",Ung thư đại tràng
"https://tamanhhospital.vn/ung-thu-dau-mat-co/
",Ung thư đầu mặt cổ
"https://tamanhhospital.vn/ung-thu-gan/
",Ung thư gan
"https://tamanhhospital.vn/ung-thu-hach-bach-huyet/
",Ung thư hạch bạch huyết
"https://tamanhhospital.vn/ung-thu-hau-mon/
",Ung thư hậu môn
"https://tamanhhospital.vn/ung-thu-khoang-mieng/
",Ung thư khoang miệng
"https://tamanhhospital.vn/ung-thu-nao/
",Ung thư não
"https://tamanhhospital.vn/ung-thu-phoi/
",Ung thư phổi
"https://tamanhhospital.vn/ung-thu-thanh-quan/
",Ung thư thanh quản
"https://tamanhhospital.vn/ung-thu-than/
",Ung thư thận
"https://tamanhhospital.vn/ung-thu-thuc-quan/
",Ung thư thực quản
"https://tamanhhospital.vn/ung-thu-tinh-hoan/
",Ung thư tinh hoàn
"https://tamanhhospital.vn/ung-thu-truc-trang/
",Ung thư trực tràng
"https://tamanhhospital.vn/ung-thu-tuyen-giap/
",Ung thư tuyến giáp
"https://tamanhhospital.vn/ung-thu-tuyen-tien-liet/
",Ung thư tuyến tiền liệt
"https://tamanhhospital.vn/ung-thu-tuy/
",Ung thư tuyến tụy
"https://tamanhhospital.vn/ung-thu-vom-hong/
",Ung thư vòm họng
"https://tamanhhospital.vn/ung-thu-vu/
",Ung thư vú
"https://tamanhhospital.vn/ung-thu-vu-tai-phat/
",Ung thư vú tái phát
"https://tamanhhospital.vn/ung-thu-xuong/
",Ung thư xương
"https://tamanhhospital.vn/vang-da/
",Vàng da
"https://tamanhhospital.vn/benh-vay-nen/
",Vảy nến
"https://tamanhhospital.vn/viem-nuou/
",Vêm nướu
"https://tamanhhospital.vn/vet-bot/
",Vết bớt
"https://tamanhhospital.vn/viem-amidan/
",Viêm amidan
"https://tamanhhospital.vn/viem-amidan-co-mu/
",Viêm amidan có mủ
"https://tamanhhospital.vn/viem-amidan-hoc-mu/
",Viêm amidan hốc mủ
"https://tamanhhospital.vn/viem-amidan-qua-phat/
",Viêm amidan quá phát
"https://tamanhhospital.vn/viem-am-dao/
",Viêm âm đạo
"https://tamanhhospital.vn/viem-bang-quang/
",Viêm bàng quang
"https://tamanhhospital.vn/viem-bao-quy-dau/
",Viêm bao quy đầu
"https://tamanhhospital.vn/viem-be-than/
",Viêm bể thận
"https://tamanhhospital.vn/viem-bo-mi/
",Viêm bờ mi mắt
"https://tamanhhospital.vn/viem-cau-than/
",Viêm cầu thận
"https://tamanhhospital.vn/viem-cau-than-lupus/
",Viêm cầu thận Lupus
"https://tamanhhospital.vn/viem-cot-song-dinh-khop/
",Viêm cột sống dính khớp
"https://tamanhhospital.vn/benh-viem-co-tim-nguyen-nhan-dau-hieu-va-cach-dieu-tri-benh/
",Viêm cơ tim
"https://tamanhhospital.vn/viem-da-co-dia/
",Viêm da cơ địa
"https://tamanhhospital.vn/viem-da-day/
",Viêm dạ dày
"https://tamanhhospital.vn/viem-da-day-ruot/
",Viêm dạ dày ruột
"https://tamanhhospital.vn/viem-da-day-ta-trang/
",Viêm dạ dày tá tràng
"https://tamanhhospital.vn/viem-da-di-ung/
",Viêm da dị ứng
"https://tamanhhospital.vn/viem-day-than-kinh/
",Viêm dây thần kinh
"https://tamanhhospital.vn/viem-day-than-kinh-tien-dinh/
",Viêm dây thần kinh tiền đình
"https://tamanhhospital.vn/viem-da-xoang/
",Viêm đa xoang
"https://tamanhhospital.vn/viem-dai-trang/
",Viêm đại tràng
"https://tamanhhospital.vn/viem-dai-trang-co-that/
",Viêm đại tràng co thắt
"https://tamanhhospital.vn/viem-dau-ti-num-vu/
",Viêm đầu ti
"https://tamanhhospital.vn/viem-duong-ruot/
",Viêm đường ruột
"https://tamanhhospital.vn/viem-duong-tiet-nieu/
",Viêm đường tiết niệu
"https://tamanhhospital.vn/benh-viem-gan/
",Viêm gan
"https://tamanhhospital.vn/viem-gan-a/
",Viêm gan A
"https://tamanhhospital.vn/benh-viem-gan-b/
",Viêm gan B
"https://tamanhhospital.vn/viem-gan-bi-an/
",Viêm gan bí ẩn
"https://tamanhhospital.vn/viem-gan-c/
",Viêm gan C
"https://tamanhhospital.vn/viem-gan-d/
",Viêm gan D
"https://tamanhhospital.vn/viem-gan-do-ruou/
",Viêm gan do rượu
"https://tamanhhospital.vn/viem-gan-tu-mien/
",Viêm gan tự miễn
"https://tamanhhospital.vn/viem-gan/
",Viêm gân
"https://tamanhhospital.vn/viem-hang-vi-da-day/
",Viêm hang vị dạ dày
"https://tamanhhospital.vn/viem-hau-mon/
",Viêm hậu môn
"https://tamanhhospital.vn/benh-viem-hong/
",Viêm họng
"https://tamanhhospital.vn/viem-hong-do-lien-cau-khuan/
",Viêm họng do liên cầu khuẩn
"https://tamanhhospital.vn/viem-hong-hat/
",Viêm họng hạt
"https://tamanhhospital.vn/viem-hong-xung-huyet/
",Viêm họng xung huyết
"https://tamanhhospital.vn/viem-ket-mac/
",Viêm kết mạc
"https://tamanhhospital.vn/viem-khop/
",Viêm khớp
"https://tamanhhospital.vn/viem-khop-dang-thap/
",Viêm khớp dạng thấp
"https://tamanhhospital.vn/viem-khop-lien-cau/
",Viêm khớp liên cầu
"https://tamanhhospital.vn/viem-khop-nhiem-khuan/
",Viêm khớp nhiễm khuẩn
"https://tamanhhospital.vn/viem-khop-vay-nen/
",Viêm khớp vảy nến
"https://tamanhhospital.vn/benh-viem-loet-da-day/
",Viêm loét dạ dày
"https://tamanhhospital.vn/viem-loet-da-day-ta-trang/
",Viêm loét dạ dày tá tràng
"https://tamanhhospital.vn/viem-loet-giac-mac/
",Viêm loét giác mạc
"https://tamanhhospital.vn/viem-mang-bo-dao/
",Viêm màng bồ đào
"https://tamanhhospital.vn/viem-mang-hoat-dich/
",Viêm màng hoạt dịch
"https://tamanhhospital.vn/viem-mang-nao/
",Viêm màng não
"https://tamanhhospital.vn/viem-mang-nao-mo-cau/
",Viêm màng não mô
"https://tamanhhospital.vn/viem-mang-nao-mu/
",Viêm màng não mủ
"https://tamanhhospital.vn/viem-mao-tinh-hoan/
",Viêm mào tinh hoàn
"https://tamanhhospital.vn/viem-me-dao-tai/
",Viêm mê đạo tai
"https://tamanhhospital.vn/viem-moi/
",Viêm môi
"https://tamanhhospital.vn/viem-mong-mat/
",Viêm mống mắt
"https://tamanhhospital.vn/viem-mui/
",Viêm mũi
"https://tamanhhospital.vn/viem-mui-di-ung/
",Viêm mũi dị ứng
"https://tamanhhospital.vn/viem-mui-di-ung-thoi-tiet/
",Viêm mũi dị ứng thời tiết
"https://tamanhhospital.vn/viem-mui-van-mach/
",Viêm mũi vận mạch
"https://tamanhhospital.vn/viem-mui-xoang/
",Viêm mũi xoang
"https://tamanhhospital.vn/viem-nang-long/
",Viêm nang lông
"https://tamanhhospital.vn/viem-nha-chu/
",Viêm nha chu
"https://tamanhhospital.vn/viem-niem-mac-da-day/
",Viêm niêm mạc dạ dày
"https://tamanhhospital.vn/viem-nieu-dao/
",Viêm niệu đạo
"https://tamanhhospital.vn/viem-noi-tam-mac-nhiem-khuan/
",Viêm nội tâm mạc nhiễm khuẩn
"https://tamanhhospital.vn/viem-phoi/
",Viêm phổi
"https://tamanhhospital.vn/viem-phuc-mac-ruot-thua/
",Viêm phúc mạc ruột thừa
"https://tamanhhospital.vn/viem-quanh-cuong-rang/
",Viêm quanh cuống răng
"https://tamanhhospital.vn/viem-quanh-rang/
",Viêm quanh răng
"https://tamanhhospital.vn/viem-ruot-hoai-tu/
",Viêm ruột hoại tử
"https://tamanhhospital.vn/viem-ruot-thua/
",Viêm ruột thừa
"https://tamanhhospital.vn/viem-tai/
",Viêm tai
"https://tamanhhospital.vn/viem-tai-giua/
",Viêm tai giữa
"https://tamanhhospital.vn/viem-tai-giua-thung-mang-nhi/
",Viêm tai giữa thủng màng nhĩ
"https://tamanhhospital.vn/viem-tai-giua-u-dich/
",Viêm tai giữa ứ dịch
"https://tamanhhospital.vn/viem-tai-giua-u-mu/
",Viêm tai giữa ứ mủ
"https://tamanhhospital.vn/viem-tai-ngoai/
",Viêm tai ngoài
"https://tamanhhospital.vn/viem-tai-trong/
",Viêm tai trong
"https://tamanhhospital.vn/viem-tai-xuong-chum/
",Viêm tai xương chũm
"https://tamanhhospital.vn/viem-teo-niem-mac-da-day/
",Viêm teo niêm mạc dạ dày
"https://tamanhhospital.vn/viem-thanh-quan/
",Viêm thanh quản
"https://tamanhhospital.vn/viem-than-lupus/
",Viêm thận Lupus
"https://tamanhhospital.vn/viem-thuc-quan/
",Viêm thực quản
"https://tamanhhospital.vn/viem-thuc-quan-trao-nguoc/
",Viêm thực quản trào ngược
"https://tamanhhospital.vn/viem-tinh-hoan/
",Viêm tinh hoàn
"https://tamanhhospital.vn/viem-truc-trang/
",Viêm trực tràng
"https://tamanhhospital.vn/viem-tui-mat/
",Viêm túi mật
"https://tamanhhospital.vn/viem-tui-mat-do-soi/
",Viêm túi mật do sỏi
"https://tamanhhospital.vn/viem-tui-mat-hoai-tu/
",Viêm túi mật hoại tử
"https://tamanhhospital.vn/viem-tui-mat-khong-do-soi/
",Viêm túi mật không do sỏi
"https://tamanhhospital.vn/viem-tui-thua/
",Viêm túi thừa
"https://tamanhhospital.vn/viem-tuy/
",Viêm tụy
"https://tamanhhospital.vn/viem-tuy-hoai-tu/
",Viêm tụy hoại tử
"https://tamanhhospital.vn/viem-tuyen-giap-trieu-chung-nguyen-nhan-va-dieu-tri/
",Viêm tuyến giáp
"https://tamanhhospital.vn/viem-tuyen-nuoc-bot/
",Viêm tuyến nước bọt
"https://tamanhhospital.vn/viem-tuyen-tien-liet/
",Viêm tuyến tiền liệt
"https://tamanhhospital.vn/viem-tuyen-vu/
",Viêm tuyến vú
"https://tamanhhospital.vn/benh-viem-xoang/
",Viêm xoang
"https://tamanhhospital.vn/viem-xoang-buom/
",Viêm xoang bướm
"https://tamanhhospital.vn/viem-xoang-do-nam/
",Viêm xoang do nấm
"https://tamanhhospital.vn/viem-xoang-ham/
",Viêm xoang hàm
"https://tamanhhospital.vn/viem-xoang-mui-di-ung/
",Viêm xoang mũi dị ứng
"https://tamanhhospital.vn/viem-xoang-sang/
",Viêm xoang sàng
"https://tamanhhospital.vn/viem-xoang-tran/
",Viêm xoang trán
"https://tamanhhospital.vn/viem-xung-huyet-hang-vi-da-day/
",Viêm xung huyết hang vị dạ dày
"https://tamanhhospital.vn/viem-xuong-so/
",Viêm xương sọ
"https://tamanhhospital.vn/mat-vien-thi/
",Viễn thị
"https://tamanhhospital.vn/benh-vong-mac-tieu-duong/
",Võng mạc tiểu đường
"https://tamanhhospital.vn/vong-that-mach-mau/
",Vòng thắt mạch máu
"https://tamanhhospital.vn/vo-sinh/
",Vô sinh
"https://tamanhhospital.vn/voi-hoa-tuyen-vu/
",Vôi hóa tuyến vú
"https://tamanhhospital.vn/voi-hoa-xuong/
",Vôi hóa xương
"https://tamanhhospital.vn/vo-mach-mau-nao/
",Vỡ mạch máu não
"https://tamanhhospital.vn/vo-tui-mat/
",Vỡ túi mật
"https://tamanhhospital.vn/vo-tui-nguc/
",Vỡ túi ngực
"https://tamanhhospital.vn/vo-tu-cung/
",Vỡ tử cung
"https://tamanhhospital.vn/benh-whitmore/
",Whitmore
"https://tamanhhospital.vn/xep-dot-song/
",Xẹp đốt sống
"https://tamanhhospital.vn/xoan-tinh-hoan/
",Xoắn tinh hoàn
"https://tamanhhospital.vn/benh-xop-xo-tai/
",Xốp xơ tai
"https://tamanhhospital.vn/xo-cung-bi/
",Xơ cứng bì
"https://tamanhhospital.vn/xo-cung-dong-mach/
",Xơ cứng động mạch
"https://tamanhhospital.vn/xo-gan/
",Xơ gan
"https://tamanhhospital.vn/xo-gan-con-bu/
",Xơ gan còn bù
"https://tamanhhospital.vn/xo-gan-co-truong/
",Xơ gan cổ trướng
"https://tamanhhospital.vn/xo-gan-do-ruou/
",Xơ gan do rượu
"https://tamanhhospital.vn/xo-gan-mat-bu/
",Xơ gan mất bù
"https://tamanhhospital.vn/xo-phoi/
",Xơ phổi
"https://tamanhhospital.vn/xo-vua-dong-mach/
",Xơ vữa động mạch
"https://tamanhhospital.vn/xo-vua-dong-mach-canh/
",Xơ vữa động mạch cảnh
"https://tamanhhospital.vn/xo-vua-dong-mach-vanh/
",Xơ vữa động mạch vành
"https://tamanhhospital.vn/xuat-huyet-da-day/
",Xuất huyết dạ dày
"https://tamanhhospital.vn/xuat-huyet-tieu-hoa/
",Xuất huyết tiêu hóa
"https://tamanhhospital.vn/xuat-tinh-nguoc-dong/
",Xuất tinh ngược dòng
"https://tamanhhospital.vn/xuat-tinh-ra-mau/
",Xuất tinh ra máu
"https://tamanhhospital.vn/xuat-tinh-som/
",Xuất tinh sớm
"https://tamanhhospital.vn/yeu-sinh-ly/
",Yếu sinh lý
https://tamanhhospital.vn/zona-than-kinh/,Zona
